-----------------------------------Drop table-----------------------------------
drop table HOCVIEN cascade constraints;
drop table LOP cascade constraints;
drop table MONHOC cascade constraints;
drop table LICHTHI cascade constraints;
drop table KETQUALOP cascade constraints;
drop table CHUYENDE cascade constraints;
drop table NHOMCHUYENDE cascade constraints;
drop table LOPCHUYENDE cascade constraints;
drop table MH_NHP CASCADE CONSTRAINTS;
drop table NHOMHOCPHAN cascade constraints;
drop table LOPKYTHUAT cascade constraints;
drop table NHP_LKT cascade constraints;
drop table KETQUANHOMHOCPHAN cascade constraints;
drop table LOPCHUNGCHI cascade constraints;
drop table MH_LCC cascade constraints;
drop table CHUNGCHI cascade constraints;
drop table HOCPHI cascade constraints;
drop table CHUNGCHICAP cascade constraints;
drop table HV_LCD cascade constraints;
drop table HV_LKT cascade constraints;
drop table HV_LCC cascade constraints;


-----------------------------------Create table-----------------------------------
create table HOCVIEN(
    ID_HV NUMBER(10,0),
    HOTENHV NVARCHAR2(200),
    EMAILHV varchar2(50),
    SDT_HV NUMBER(10,0),
    CMND_HV VARCHAR2(15),
    DIACHIHV NVARCHAR2(250),
    
    constraint PK_HOCVIEN primary key(ID_HV)
);

create table MONHOC(
    ID_MH VARCHAR2(10),
    TENMONHOC NVARCHAR2(200),
    SOTIETHOC NUMBER(3,0),
    SOTINCHI NUMBER(3,0),
    constraint PK_MONHOC primary key(ID_MH)
);


create table LOP(
    ID_LOP VARCHAR2(10),
    ID_MH VARCHAR2(10),
    SLHOCVIEN NUMBER(4,0),
    NGAYMOLOP DATE,
    SISOLOP NUMBER(4,0),
    PHONGHOC VARCHAR2(50),
    LICHHOC VARCHAR2(50),
    
    
    constraint PK_LOP primary key(ID_LOP)
);
    
create table LICHTHI(
    ID_LT NUMBER(10,0),
    ID_LOP VARCHAR2(10),
    GIOTHI TIMESTAMP,
    DIADIEM VARCHAR2(50),
    HINHTHUCTHI NVARCHAR2(150),
    
    constraint PK_LICHTHI primary key(ID_LT) 
);

create table KETQUALOP(
    ID_LOP VARCHAR2(10),
    ID_HV NUMBER(10,0),
    DiemTB NUMBER (4,2),
    DIEMTHI NUMBER(4,2),
    
    constraint PK_KETQUALOP primary key(ID_LOP, ID_HV)
);
    

create table NHOMCHUYENDE(
    ID_NCD VARCHAR2(10),
    TENNHOMCD NVARCHAR2(200),
    
    constraint PK_NHOMCHUYENDE primary key(ID_NCD)
);

create table CHUYENDE(
    ID_CD VARCHAR2(10),
    ID_NCD VARCHAR2(10),
    TENCHUYENDE NVARCHAR2(200),
    
    constraint PK_CHUYENDE primary key(ID_CD)
);

create table LOPCHUYENDE(
    ID_LCD VARCHAR2(10),
    ID_CD VARCHAR2(10),
    SLDANGKY NUMBER(4,0),
    SISOLOPCD NUMBER(4,0),
    DIADIEM NVARCHAR2(250),
    THOIGIAN DATE,
    
    constraint PK_LOPCHUYENDE primary key(ID_LCD)
);

create table NHOMHOCPHAN(
    ID_NHP VARCHAR2(10),
    TENNHOMHP NVARCHAR2(200),
    
    constraint PK_NHOMHOCPHAN primary key(ID_NHP)
);

create table MH_NHP(
    ID_MH VARCHAR2(10),
    ID_NHP VARCHAR2(10),
    LAMONBATBUOC CHAR(1),
    
    constraint PK_MH_NHP primary key(ID_MH, ID_NHP)
);

create table LOPKYTHUAT(
    ID_LKT VARCHAR2(10),
    ID_CC VARCHAR2(10),
    TENLOPKT NVARCHAR2(200),
    SLDANGKY NUMBER(4,0),
    SISOLOPKT NUMBER(4,0),
    NGAYMO DATE,
    HOCPHILOPKT NUMBER(12,2),
    
    constraint PK_LOPKYTHUAT primary key (ID_LKT)
);

create table NHP_LKT(
    ID_LKT VARCHAR2(10),
    ID_NHP VARCHAR2(10),
    
    constraint PK_NHP_LKT primary key (ID_LKT, ID_NHP)
);

create table KETQUANHOMHOCPHAN(
    ID_HV NUMBER(10,0),
    ID_NHP VARCHAR2(10),
    KETQUANHP VARCHAR2(10),
    SOLANTHI NUMBER(1,0),
    
    constraint PK_KETQUANHOMHOCPHAN primary key (ID_HV, ID_NHP)
);

create table LOPCHUNGCHI(
    ID_LCC VARCHAR2(10),
    ID_CC VARCHAR2(10),
    TENLOPCC NVARCHAR2(200),
    SLDANGKY NUMBER(4,0),
    SISOLOPCC NUMBER(4,0),
    NGAYMO DATE,
    HOCPHILOPCC NUMBER(12,2),
    
    constraint PK_LOPCHUNGCHI primary key (ID_LCC)
);

create table MH_LCC(
    ID_LCC VARCHAR2(10),
    ID_MH VARCHAR2(10),
     
    constraint PK_MH_LCC primary key (ID_LCC, ID_MH)
);

create table CHUNGCHI(
    ID_CC VARCHAR2(10),
    TENCHUNGCHI NVARCHAR2(250),
    
    constraint PK_CHUNGCHI primary key (ID_CC)
);

create table HOCPHI(
    ID_HPHI NUMBER(10,0),
    ID_HV NUMBER(10,0),
    HANDONG DATE, 
    NGAYDONG TIMESTAMP,
    TONGTIEN NUMBER(12,2),
    TINHTRANG VARCHAR2(10),
    
    constraint PK_HOCPHI primary key (ID_HPHI)
);

create table CHUNGCHICAP(
    ID_HV NUMBER(10,0),
    ID_CC VARCHAR2(10),
    NGAYCAP DATE,
    
    constraint PK_CHUNGCHICAP primary key (ID_HV, ID_CC)
);

create table HV_LCD(
    ID_HV NUMBER(10,0),
    ID_LCD VARCHAR2(10),
    
    constraint PK_HV_LCD primary key(ID_HV, ID_LCD)
);

create table HV_LKT(
    ID_HV NUMBER(10,0),
    ID_LKT VARCHAR2(10),
    DIEMTHITOTNGHIEP NUMBER(4,2),
    
    constraint PK_HV_LKT primary key(ID_HV, ID_LKT)
);

create table HV_LCC(
    ID_HV NUMBER(10,0),
    ID_LCC VARCHAR2(10),
    
    constraint PK_HV_LCC primary key(ID_HV, ID_LCC)
);
    

-----------------------------------Foreign key constraint-----------------------------------
alter table LOP
add constraint FK_LOP_DAY_MONHOC
FOREIGN KEY (ID_MH)
REFERENCES MONHOC(ID_MH);

alter table LICHTHI
add constraint FK_LICHTHI_CUA_LOP
FOREIGN KEY (ID_LOP)
REFERENCES LOP(ID_LOP);

alter table KETQUALOP
add constraint FK_KETQUALOP_LOP
FOREIGN KEY (ID_LOP)
REFERENCES LOP(ID_LOP);

alter table KETQUALOP
add constraint FK_KETQUALOP_HOCVIEN
FOREIGN KEY (ID_HV)
REFERENCES HOCVIEN(ID_HV);

alter table CHUYENDE
add constraint FK_CHUYENDE_THUOC_NHOMCHUYENDE
FOREIGN KEY (ID_NCD)
REFERENCES NHOMCHUYENDE(ID_NCD);

alter table LOPCHUYENDE
add constraint FK_LOPCHUYENDE_DAY_CHUYENDE
FOREIGN KEY (ID_CD)
REFERENCES CHUYENDE(ID_CD);
    
alter table MH_NHP 
add constraint FK_MH_NHP_NHOMHOCPHAN
foreign key (ID_NHP)
REFERENCES NHOMHOCPHAN(ID_NHP);

alter table MH_NHP 
add constraint FK_MH_NHP_MONHOC
foreign key (ID_MH)
REFERENCES MONHOC(ID_MH);

alter table NHP_LKT
add constraint FK_NHP_LKT_NHOMHOCPHAN
foreign key (ID_NHP)
REFERENCES NHOMHOCPHAN(ID_NHP);

alter table NHP_LKT
add constraint FK_NHP_LKT_LOPKYTHUAT
foreign key (ID_LKT)
REFERENCES LOPKYTHUAT(ID_LKT);

alter table KETQUANHOMHOCPHAN
add constraint FK_KQNHP_NHOMHOCPHAN
foreign key (ID_NHP)
references NHOMHOCPHAN(ID_NHP);

alter table KETQUANHOMHOCPHAN
add constraint FK_KQNHP_HOCVIEN
foreign key (ID_HV)
references HOCVIEN(ID_HV);

alter table MH_LCC
add constraint FK_MH_LCC_MONHOC
foreign key (ID_MH)
references MONHOC(ID_MH);

alter table MH_LCC
add constraint FK_MH_LCC_LOPCHUNGCHI
foreign key (ID_LCC)
references LOPCHUNGCHI(ID_LCC);

alter table HOCPHI
add constraint FK_HOCPHI_DONG_HOCVIEN
foreign key (ID_HV)
references HOCVIEN(ID_HV);


alter table CHUNGCHICAP
add constraint FK_CHUNGCHICAP_HOCVIEN
foreign key (ID_HV)
references HOCVIEN(ID_HV);

alter table CHUNGCHICAP
add constraint FK_CHUNGCHICAP_CHUNGCHI
foreign key (ID_CC)
references CHUNGCHI(ID_CC);

alter table HV_LCD
add constraint FK_HV_LCD_HOCVIEN
foreign key (ID_HV)
references HOCVIEN(ID_HV);

alter table HV_LCD
add constraint FK_HV_LCD_LOPCHUYENDE
foreign key (ID_LCD)
references LOPCHUYENDE(ID_LCD);

alter table HV_LKT
add constraint FK_HV_LKT_HOCVIEN
foreign key (ID_HV)
references HOCVIEN(ID_HV);

alter table HV_LKT
add constraint FK_HV_LKT_LOPKYTHUAT
foreign key (ID_LKT)
references LOPKYTHUAT(ID_LKT);

alter table HV_LCC
add constraint FK_HV_LCC_HOCVIEN
foreign key (ID_HV)
references HOCVIEN(ID_HV);

alter table HV_LCC
add constraint FK_HV_LCC_LOPCHUNGCHI
foreign key (ID_LCC)
references LOPCHUNGCHI(ID_LCC);
    
alter table LOPKYTHUAT
add constraint FK_LOPKYTHUAT_CHUNGCHI
foreign key (ID_CC)
references CHUNGCHI(ID_CC);

alter table LOPCHUNGCHI
add constraint FK_LOPCHUNGCHI_CHUNGCHI
foreign key (ID_CC)
references CHUNGCHI(ID_CC);


-----------------------------------INSERT DATA-----------------------------------
INSERT INTO MONHOC(ID_MH, TENMONHOC, SOTIETHOC, SOTINCHI) VALUES('CSC10001', n'Nhập môn lập trình', 30, 4);
INSERT INTO MONHOC(ID_MH, TENMONHOC, SOTIETHOC, SOTINCHI) VALUES('CSC10002', n'Kỹ thuật lập trình', 30, 4);
INSERT INTO MONHOC(ID_MH, TENMONHOC, SOTIETHOC, SOTINCHI) VALUES('CSC10003', n'Phương pháp lập trình hướng đối tượng', 30, 4);
INSERT INTO MONHOC(ID_MH, TENMONHOC, SOTIETHOC, SOTINCHI) VALUES('CSC10004', n'Cấu trúc dữ liệu và giải thuật', 30, 4);
INSERT INTO MONHOC(ID_MH, TENMONHOC, SOTIETHOC, SOTINCHI) VALUES('CSC10005', n'Kiến trúc máy tính và hợp ngữ', 30, 4);
INSERT INTO MONHOC(ID_MH, TENMONHOC, SOTIETHOC, SOTINCHI) VALUES('CSC10006', n'Cơ sở dữ liệu', 30, 4);
INSERT INTO MONHOC(ID_MH, TENMONHOC, SOTIETHOC, SOTINCHI) VALUES('CSC10007', n'Hệ điều hành', 30, 4);
INSERT INTO MONHOC(ID_MH, TENMONHOC, SOTIETHOC, SOTINCHI) VALUES('CSC10008', n'Mạng máy tính', 30, 4);

INSERT INTO MONHOC(ID_MH, TENMONHOC, SOTIETHOC, SOTINCHI) VALUES('CSC13010', n'Thiết kế phần mềm', 30, 4);
INSERT INTO MONHOC(ID_MH, TENMONHOC, SOTIETHOC, SOTINCHI) VALUES('CSC13112', n'Thiết kế giao diện', 30, 4);
INSERT INTO MONHOC(ID_MH, TENMONHOC, SOTIETHOC, SOTINCHI) VALUES('CSC13008', n'Phát triển ứng dụng web', 30, 4);
INSERT INTO MONHOC(ID_MH, TENMONHOC, SOTIETHOC, SOTINCHI) VALUES('CSC13009', n'Phát triển phần mềm cho thiết bị di động', 30, 4);
INSERT INTO MONHOC(ID_MH, TENMONHOC, SOTIETHOC, SOTINCHI) VALUES('CSC13102', n'Lập trình Java', 30, 4);
INSERT INTO MONHOC(ID_MH, TENMONHOC, SOTIETHOC, SOTINCHI) VALUES('CSC13001', n'Lập trình Windows', 30, 4);
INSERT INTO MONHOC(ID_MH, TENMONHOC, SOTIETHOC, SOTINCHI) VALUES('CSC12002', n'Cơ sở dữ liệu nâng cao', 30, 4);
INSERT INTO MONHOC(ID_MH, TENMONHOC, SOTIETHOC, SOTINCHI) VALUES('CSC12004', n'Phân tích thiết kế hệ thống thông tin', 30, 4);
/

INSERT INTO NHOMCHUYENDE(ID_NCD, TENNHOMCD) VALUES('NCD001', N'Trí tuệ nhân tạo');
INSERT INTO NHOMCHUYENDE(ID_NCD, TENNHOMCD) VALUES('NCD002', n'An toàn bảo mật thông tin');
/


INSERT INTO CHUYENDE(ID_CD, ID_NCD, TENCHUYENDE) VALUES('CSC15007', 'NCD001', n'Thống kê máy tính và ứng dụng');
INSERT INTO CHUYENDE(ID_CD, ID_NCD, TENCHUYENDE) VALUES('CSC15008', 'NCD001', n'Xử lý ngôn ngữ tự nhiên');
INSERT INTO CHUYENDE(ID_CD, ID_NCD, TENCHUYENDE) VALUES('CSC15002', 'NCD002', n'Bảo mật cơ sở dữ liệu');
INSERT INTO CHUYENDE(ID_CD, ID_NCD, TENCHUYENDE) VALUES('CSC15003', 'NCD002', n'Mã hóa ứng dụng');
/

INSERT INTO HOCVIEN(ID_HV, HOTENHV, EMAILHV, SDT_HV, DIACHIHV, CMND_HV) 
VALUES ('18120400', n'Trần Minh Huy', '18120400@student.hcmus.edu.vn', '0948337945', n'60 Lâm Văn Bền Q7, TP.HCM', '123456789');
INSERT INTO HOCVIEN(ID_HV, HOTENHV, EMAILHV, SDT_HV, DIACHIHV, CMND_HV) 
VALUES ('18120196', n'Nguyễn Đình Lộc', '18120196@student.hcmus.edu.vn', '0948363367', n'45 Lâm Văn Bền Q7, TP.HCM', '234567891');
INSERT INTO HOCVIEN(ID_HV, HOTENHV, EMAILHV, SDT_HV, DIACHIHV, CMND_HV) 
VALUES ('18120387', n'Trần Hữu Hoàng', '18120387@student.hcmus.edu.vn', '0948353245', n'89 Lâm Văn Bền Q7, TP.HCM', '345678912');
INSERT INTO HOCVIEN(ID_HV, HOTENHV, EMAILHV, SDT_HV, DIACHIHV, CMND_HV) 
VALUES ('18120418', n'Phạm Minh Khoa', '18120418@student.hcmus.edu.vn', '0948353245', n'56 Lâm Văn Bền Q7, TP.HCM', '456789123');
/

INSERT INTO CHUNGCHI(ID_CC, TENCHUNGCHI) VALUES('7480103', n'Cử nhân ngành kỹ thuật phần mềm');
INSERT INTO CHUNGCHI(ID_CC, TENCHUNGCHI) VALUES('7480104', n'Cử nhân ngành hệ thống thông tin');
INSERT INTO CHUNGCHI(ID_CC, TENCHUNGCHI) VALUES('7480121', n'Lập trình Deskstop');
/

INSERT INTO LOPCHUYENDE(ID_LCD, ID_CD, SLDANGKY, SISOLOPCD, THOIGIAN, DIADIEM) 
VALUES('18_31', 'CSC15007', 2, 120, TO_TIMESTAMP('31-07-2021 09:00', 'DD-MM-YYYY HH24:MI'),'NVC');
INSERT INTO LOPCHUYENDE(ID_LCD, ID_CD, SLDANGKY, SISOLOPCD, THOIGIAN, DIADIEM) 
VALUES('18_32', 'CSC15002', 2, 120, TO_TIMESTAMP('03-08-2021 09:00', 'DD-MM-YYYY HH24:MI'),'NVC');
/

INSERT INTO HV_LCD(ID_LCD, ID_HV) VALUES('18_31', 18120400);
INSERT INTO HV_LCD(ID_LCD, ID_HV) VALUES('18_31', 18120196);
INSERT INTO HV_LCD(ID_LCD, ID_HV) VALUES('18_32', 18120387);
INSERT INTO HV_LCD(ID_LCD, ID_HV) VALUES('18_32', 18120418);
/

INSERT INTO NHOMHOCPHAN(ID_NHP, TENNHOMHP) VALUES ('CSC10', n'Kiến thức cơ sở ngành');
INSERT INTO NHOMHOCPHAN(ID_NHP, TENNHOMHP) VALUES ('CSC12', n'Cơ sở hệ thống thông tin');
INSERT INTO NHOMHOCPHAN(ID_NHP, TENNHOMHP) VALUES ('CSC13', n'Cơ sở kỹ thuật phần mềm');
/

INSERT INTO MH_NHP(ID_NHP, ID_MH, LAMONBATBUOC) VALUES('CSC10', 'CSC10001', 'Y');
INSERT INTO MH_NHP(ID_NHP, ID_MH, LAMONBATBUOC) VALUES('CSC10', 'CSC10002', 'Y');
INSERT INTO MH_NHP(ID_NHP, ID_MH, LAMONBATBUOC) VALUES('CSC10', 'CSC10003', 'Y');
INSERT INTO MH_NHP(ID_NHP, ID_MH, LAMONBATBUOC) VALUES('CSC10', 'CSC10004', 'Y');
INSERT INTO MH_NHP(ID_NHP, ID_MH, LAMONBATBUOC) VALUES('CSC10', 'CSC10005', 'Y');
INSERT INTO MH_NHP(ID_NHP, ID_MH, LAMONBATBUOC) VALUES('CSC10', 'CSC10006', 'Y');
INSERT INTO MH_NHP(ID_NHP, ID_MH, LAMONBATBUOC) VALUES('CSC10', 'CSC10007', 'Y');
INSERT INTO MH_NHP(ID_NHP, ID_MH, LAMONBATBUOC) VALUES('CSC10', 'CSC10008', 'Y');


INSERT INTO MH_NHP(ID_NHP, ID_MH, LAMONBATBUOC) VALUES('CSC12', 'CSC12002', 'Y');
INSERT INTO MH_NHP(ID_NHP, ID_MH, LAMONBATBUOC) VALUES('CSC12', 'CSC12004', 'Y');
INSERT INTO MH_NHP(ID_NHP, ID_MH, LAMONBATBUOC) VALUES('CSC13', 'CSC13010', 'Y');
INSERT INTO MH_NHP(ID_NHP, ID_MH, LAMONBATBUOC) VALUES('CSC13', 'CSC13008', 'Y');
INSERT INTO MH_NHP(ID_NHP, ID_MH, LAMONBATBUOC) VALUES('CSC13', 'CSC13009', 'Y');
/

INSERT INTO LOPKYTHUAT(ID_LKT, ID_CC, TENLOPKT, SLDANGKY, SISOLOPKT, NGAYMO, HOCPHILOPKT)
VALUES('18_7480103', '7480103', n'Kỹ thuật phần mềm khóa 18', 2, 120, TO_DATE('30-08-2018', 'DD-MM-YYYY'), 20000000);
INSERT INTO LOPKYTHUAT(ID_LKT, ID_CC, TENLOPKT, SLDANGKY, SISOLOPKT, NGAYMO, HOCPHILOPKT)
VALUES('18_7480104', '7480104', n'Hệ thống thông tin khóa 18', 2, 120, TO_DATE('30-08-2018', 'DD-MM-YYYY'), 20000000);
/
INSERT INTO NHP_LKT(ID_LKT, ID_NHP) VALUES('18_7480103' , 'CSC10');
INSERT INTO NHP_LKT(ID_LKT, ID_NHP) VALUES('18_7480104' , 'CSC10');
INSERT INTO NHP_LKT(ID_LKT, ID_NHP) VALUES('18_7480103' , 'CSC13');
INSERT INTO NHP_LKT(ID_LKT, ID_NHP) VALUES('18_7480104' , 'CSC12');
/

INSERT INTO HV_LKT(ID_HV, ID_LKT, DIEMTHITOTNGHIEP) VALUES('18120400', '18_7480103', -1);
INSERT INTO HV_LKT(ID_HV, ID_LKT, DIEMTHITOTNGHIEP) VALUES('18120418', '18_7480103', -1);
INSERT INTO HV_LKT(ID_HV, ID_LKT, DIEMTHITOTNGHIEP) VALUES('18120196', '18_7480104', -1);
INSERT INTO HV_LKT(ID_HV, ID_LKT, DIEMTHITOTNGHIEP) VALUES('18120387', '18_7480104', -1);
/

INSERT INTO LOPCHUNGCHI(ID_LCC, ID_CC, TENLOPCC, SLDANGKY, SISOLOPCC, NGAYMO, HOCPHILOPCC)
VALUES('18_7480121', '7480121', 'Lập trình ứng dụng Deskstop', 2, 50, TO_DATE('30-08-2020', 'DD-MM-YYYY'), 10000000);
/


INSERT INTO MH_LCC(ID_LCC, ID_MH) VALUES('18_7480121', 'CSC13112');
INSERT INTO MH_LCC(ID_LCC, ID_MH) VALUES('18_7480121', 'CSC13102');
INSERT INTO MH_LCC(ID_LCC, ID_MH) VALUES('18_7480121', 'CSC13001');
/


INSERT INTO HV_LCC(ID_HV, ID_LCC) VALUES ('18120400', '18_7480121');
INSERT INTO HV_LCC(ID_HV, ID_LCC) VALUES ('18120387', '18_7480121');
/

INSERT INTO LOP(ID_LOP, ID_MH, PHONGHOC, SLHOCVIEN, SISOLOP, LICHHOC, NGAYMOLOP)
VALUES ('1_HK1_18', 'CSC10001', 'E102', 4, 120, 'T3(3-5)', TO_DATE('30-08-2018', 'DD-MM-YYYY'));
INSERT INTO LOP(ID_LOP, ID_MH, PHONGHOC, SLHOCVIEN, SISOLOP, LICHHOC, NGAYMOLOP)
VALUES ('2_HK1_18', 'CSC10002', 'E103', 4, 120, 'T4(3-5)', TO_DATE('30-08-2018', 'DD-MM-YYYY'));

INSERT INTO LOP(ID_LOP, ID_MH, PHONGHOC, SLHOCVIEN, SISOLOP, LICHHOC, NGAYMOLOP)
VALUES ('1_HK2_19', 'CSC10003', 'E102', 4, 120, 'T3(3-5)', TO_DATE('15-02-2019', 'DD-MM-YYYY'));
INSERT INTO LOP(ID_LOP, ID_MH, PHONGHOC, SLHOCVIEN, SISOLOP, LICHHOC, NGAYMOLOP)
VALUES ('2_HK2_19', 'CSC10004', 'E103', 4, 120, 'T4(3-5)', TO_DATE('15-02-2019', 'DD-MM-YYYY'));

INSERT INTO LOP(ID_LOP, ID_MH, PHONGHOC, SLHOCVIEN, SISOLOP, LICHHOC, NGAYMOLOP)
VALUES ('1_HK1_19', 'CSC10005', 'E102', 4, 120, 'T3(3-5)', TO_DATE('30-08-2019', 'DD-MM-YYYY'));
INSERT INTO LOP(ID_LOP, ID_MH, PHONGHOC, SLHOCVIEN, SISOLOP, LICHHOC, NGAYMOLOP)
VALUES ('2_HK1_19', 'CSC10006', 'E103', 4, 120, 'T4(3-5)', TO_DATE('30-08-2019', 'DD-MM-YYYY'));

INSERT INTO LOP(ID_LOP, ID_MH, PHONGHOC, SLHOCVIEN, SISOLOP, LICHHOC, NGAYMOLOP)
VALUES ('1_HK2_20', 'CSC10007', 'E102', 4, 120, 'T3(3-5)', TO_DATE('15-02-2020', 'DD-MM-YYYY'));
INSERT INTO LOP(ID_LOP, ID_MH, PHONGHOC, SLHOCVIEN, SISOLOP, LICHHOC, NGAYMOLOP)
VALUES ('2_HK2_20', 'CSC10008', 'E103', 4, 120, 'T4(3-5)', TO_DATE('15-02-2020', 'DD-MM-YYYY'));

INSERT INTO LOP(ID_LOP, ID_MH, PHONGHOC, SLHOCVIEN, SISOLOP, LICHHOC, NGAYMOLOP)
VALUES ('1_HK1_20', 'CSC12002', 'E102', 4, 120, 'T3(3-5)', TO_DATE('30-08-2020', 'DD-MM-YYYY'));
INSERT INTO LOP(ID_LOP, ID_MH, PHONGHOC, SLHOCVIEN, SISOLOP, LICHHOC, NGAYMOLOP)
VALUES ('2_HK1_20', 'CSC13010', 'E103', 4, 120, 'T4(3-5)', TO_DATE('30-08-2020', 'DD-MM-YYYY'));

INSERT INTO LOP(ID_LOP, ID_MH, PHONGHOC, SLHOCVIEN, SISOLOP, LICHHOC, NGAYMOLOP)
VALUES ('1_HK2_21', 'CSC12004', 'E102', 4, 120, 'T3(3-5)', TO_DATE('15-02-2020', 'DD-MM-YYYY'));
INSERT INTO LOP(ID_LOP, ID_MH, PHONGHOC, SLHOCVIEN, SISOLOP, LICHHOC, NGAYMOLOP)
VALUES ('2_HK2_21', 'CSC13008', 'E103', 4, 120, 'T4(3-5)', TO_DATE('15-02-2020', 'DD-MM-YYYY'));
INSERT INTO LOP(ID_LOP, ID_MH, PHONGHOC, SLHOCVIEN, SISOLOP, LICHHOC, NGAYMOLOP)
VALUES ('3_HK2_21', 'CSC13009', 'E104', 4, 120, 'T5(3-5)', TO_DATE('15-02-2020', 'DD-MM-YYYY'));
/

INSERT INTO KETQUALOP(ID_HV, ID_LOP, DIEMTHI, DIEMTB)
VALUES ('18120400', '1_HK1_18', 7, 6);
INSERT INTO KETQUALOP(ID_HV, ID_LOP, DIEMTHI, DIEMTB)
VALUES ('18120196', '1_HK1_18', 7, 6);
INSERT INTO KETQUALOP(ID_HV, ID_LOP, DIEMTHI, DIEMTB)
VALUES ('18120387', '1_HK1_18', 7, 6);
INSERT INTO KETQUALOP(ID_HV, ID_LOP, DIEMTHI, DIEMTB)
VALUES ('18120418', '1_HK1_18', 7, 6);

INSERT INTO KETQUALOP(ID_HV, ID_LOP, DIEMTHI, DIEMTB)
VALUES ('18120400', '2_HK1_18', 7, 6);
INSERT INTO KETQUALOP(ID_HV, ID_LOP, DIEMTHI, DIEMTB)
VALUES ('18120196', '2_HK1_18', 7, 6);
INSERT INTO KETQUALOP(ID_HV, ID_LOP, DIEMTHI, DIEMTB)
VALUES ('18120387', '2_HK1_18', 7, 6);
INSERT INTO KETQUALOP(ID_HV, ID_LOP, DIEMTHI, DIEMTB)
VALUES ('18120418', '2_HK1_18', 7, 6);

INSERT INTO KETQUALOP(ID_HV, ID_LOP, DIEMTHI, DIEMTB)
VALUES ('18120400', '1_HK2_19', 7, 6);
INSERT INTO KETQUALOP(ID_HV, ID_LOP, DIEMTHI, DIEMTB)
VALUES ('18120196', '1_HK2_19', 7, 6);
INSERT INTO KETQUALOP(ID_HV, ID_LOP, DIEMTHI, DIEMTB)
VALUES ('18120387', '1_HK2_19', 7, 6);
INSERT INTO KETQUALOP(ID_HV, ID_LOP, DIEMTHI, DIEMTB)
VALUES ('18120418', '1_HK2_19', 7, 6);

INSERT INTO KETQUALOP(ID_HV, ID_LOP, DIEMTHI, DIEMTB)
VALUES ('18120400', '2_HK2_19', 7, 6);
INSERT INTO KETQUALOP(ID_HV, ID_LOP, DIEMTHI, DIEMTB)
VALUES ('18120196', '2_HK2_19', 7, 6);
INSERT INTO KETQUALOP(ID_HV, ID_LOP, DIEMTHI, DIEMTB)
VALUES ('18120387', '2_HK2_19', 7, 6);
INSERT INTO KETQUALOP(ID_HV, ID_LOP, DIEMTHI, DIEMTB)
VALUES ('18120418', '2_HK2_19', 7, 6);

INSERT INTO KETQUALOP(ID_HV, ID_LOP, DIEMTHI, DIEMTB)
VALUES ('18120400', '1_HK1_19', 7, 6);
INSERT INTO KETQUALOP(ID_HV, ID_LOP, DIEMTHI, DIEMTB)
VALUES ('18120196', '1_HK1_19', 7, 6);
INSERT INTO KETQUALOP(ID_HV, ID_LOP, DIEMTHI, DIEMTB)
VALUES ('18120387', '1_HK1_19', 7, 6);
INSERT INTO KETQUALOP(ID_HV, ID_LOP, DIEMTHI, DIEMTB)
VALUES ('18120418', '1_HK1_19', 7, 6);

INSERT INTO KETQUALOP(ID_HV, ID_LOP, DIEMTHI, DIEMTB)
VALUES ('18120400', '2_HK1_19', 7, 6);
INSERT INTO KETQUALOP(ID_HV, ID_LOP, DIEMTHI, DIEMTB)
VALUES ('18120196', '2_HK1_19', 7, 6);
INSERT INTO KETQUALOP(ID_HV, ID_LOP, DIEMTHI, DIEMTB)
VALUES ('18120387', '2_HK1_19', 7, 6);
INSERT INTO KETQUALOP(ID_HV, ID_LOP, DIEMTHI, DIEMTB)
VALUES ('18120418', '2_HK1_19', 7, 6);

INSERT INTO KETQUALOP(ID_HV, ID_LOP, DIEMTHI, DIEMTB)
VALUES ('18120400', '1_HK2_20', 7, 6);
INSERT INTO KETQUALOP(ID_HV, ID_LOP, DIEMTHI, DIEMTB)
VALUES ('18120196', '1_HK2_20', 7, 6);
INSERT INTO KETQUALOP(ID_HV, ID_LOP, DIEMTHI, DIEMTB)
VALUES ('18120387', '1_HK2_20', 7, 6);
INSERT INTO KETQUALOP(ID_HV, ID_LOP, DIEMTHI, DIEMTB)
VALUES ('18120418', '1_HK2_20', 7, 6);

INSERT INTO KETQUALOP(ID_HV, ID_LOP, DIEMTHI, DIEMTB)
VALUES ('18120400', '2_HK2_20', 7, 6);
INSERT INTO KETQUALOP(ID_HV, ID_LOP, DIEMTHI, DIEMTB)
VALUES ('18120196', '2_HK2_20', 7, 6);
INSERT INTO KETQUALOP(ID_HV, ID_LOP, DIEMTHI, DIEMTB)
VALUES ('18120387', '2_HK2_20', 7, 6);
INSERT INTO KETQUALOP(ID_HV, ID_LOP, DIEMTHI, DIEMTB)
VALUES ('18120418', '2_HK2_20', 7, 6);
   
/

INSERT INTO KETQUANHOMHOCPHAN(ID_HV, ID_NHP, KETQUANHP, SOLANTHI)
VALUES('18120400', 'CSC10', 'PASSED', 1);
INSERT INTO KETQUANHOMHOCPHAN(ID_HV, ID_NHP, KETQUANHP, SOLANTHI)
VALUES('18120196', 'CSC10', 'PASSED', 1);
INSERT INTO KETQUANHOMHOCPHAN(ID_HV, ID_NHP, KETQUANHP, SOLANTHI)
VALUES('18120387', 'CSC10', 'PASSED', 1);
INSERT INTO KETQUANHOMHOCPHAN(ID_HV, ID_NHP, KETQUANHP, SOLANTHI)
VALUES('18120418', 'CSC10', 'PASSED', 1);
/

/*INSERT INTO HOCPHI(ID_HPHI, ID_HV, TONGTIEN, HANDONG, NGAYDONG, TINHTRANG)
VALUES('1', '18120400', '1500000', TO_DATE('20-10-2018', 'DD-MM-YYYY'), TO_DATE('18-10-2018', 'DD-MM-YYYY'), 'PAYED');
INSERT INTO HOCPHI(ID_HPHI, ID_HV, TONGTIEN, HANDONG, NGAYDONG, TINHTRANG)
VALUES('2', '18120196', '1500000', TO_DATE('20-10-2018', 'DD-MM-YYYY'), TO_DATE('18-10-2018', 'DD-MM-YYYY'), 'PAYED');
INSERT INTO HOCPHI(ID_HPHI, ID_HV, TONGTIEN, HANDONG, NGAYDONG, TINHTRANG)
VALUES('3', '18120387', '1500000', TO_DATE('20-10-2018', 'DD-MM-YYYY'), TO_DATE('18-10-2018', 'DD-MM-YYYY'), 'PAYED');
INSERT INTO HOCPHI(ID_HPHI, ID_HV, TONGTIEN, HANDONG, NGAYDONG, TINHTRANG)
VALUES('4', '18120418', '1500000', TO_DATE('20-10-2018', 'DD-MM-YYYY'), TO_DATE('18-10-2018', 'DD-MM-YYYY'), 'PAYED');


INSERT INTO HOCPHI(ID_HPHI, ID_HV, TONGTIEN, HANDONG, NGAYDONG, TINHTRANG)
VALUES('5', '18120400', '1500000', TO_DATE('20-02-2019', 'DD-MM-YYYY'), TO_DATE('18-02-2019', 'DD-MM-YYYY'), 'PAYED');
INSERT INTO HOCPHI(ID_HPHI, ID_HV, TONGTIEN, HANDONG, NGAYDONG, TINHTRANG)
VALUES('6', '18120196', '1500000', TO_DATE('20-02-2019', 'DD-MM-YYYY'), TO_DATE('18-02-2019', 'DD-MM-YYYY'), 'PAYED');
INSERT INTO HOCPHI(ID_HPHI, ID_HV, TONGTIEN, HANDONG, NGAYDONG, TINHTRANG)
VALUES('7', '18120387', '1500000', TO_DATE('20-02-2019', 'DD-MM-YYYY'), TO_DATE('18-02-2019', 'DD-MM-YYYY'), 'PAYED');
INSERT INTO HOCPHI(ID_HPHI, ID_HV, TONGTIEN, HANDONG, NGAYDONG, TINHTRANG)
VALUES('8', '18120418', '1500000', TO_DATE('20-02-2019', 'DD-MM-YYYY'), TO_DATE('18-02-2019', 'DD-MM-YYYY'), 'PAYED');


INSERT INTO HOCPHI(ID_HPHI, ID_HV, TONGTIEN, HANDONG, NGAYDONG, TINHTRANG)
VALUES('9', '18120400', '1500000', TO_DATE('20-10-2019', 'DD-MM-YYYY'), TO_DATE('18-10-2019', 'DD-MM-YYYY'), 'PAYED');
INSERT INTO HOCPHI(ID_HPHI, ID_HV, TONGTIEN, HANDONG, NGAYDONG, TINHTRANG)
VALUES('10', '18120196', '1500000', TO_DATE('20-10-2019', 'DD-MM-YYYY'), TO_DATE('18-10-2019', 'DD-MM-YYYY'), 'PAYED');
INSERT INTO HOCPHI(ID_HPHI, ID_HV, TONGTIEN, HANDONG, NGAYDONG, TINHTRANG)
VALUES('11', '18120387', '1500000', TO_DATE('20-10-2019', 'DD-MM-YYYY'), TO_DATE('18-10-2019', 'DD-MM-YYYY'), 'PAYED');
INSERT INTO HOCPHI(ID_HPHI, ID_HV, TONGTIEN, HANDONG, NGAYDONG, TINHTRANG)
VALUES('12', '18120418', '1500000', TO_DATE('20-10-2019', 'DD-MM-YYYY'), TO_DATE('18-10-2019', 'DD-MM-YYYY'), 'PAYED');


INSERT INTO HOCPHI(ID_HPHI, ID_HV, TONGTIEN, HANDONG, NGAYDONG, TINHTRANG)
VALUES('13', '18120400', '1500000', TO_DATE('20-02-2020', 'DD-MM-YYYY'), TO_DATE('18-02-2020', 'DD-MM-YYYY'), 'PAYED');
INSERT INTO HOCPHI(ID_HPHI, ID_HV, TONGTIEN, HANDONG, NGAYDONG, TINHTRANG)
VALUES('14', '18120196', '1500000', TO_DATE('20-02-2020', 'DD-MM-YYYY'), TO_DATE('18-02-2020', 'DD-MM-YYYY'), 'PAYED');
INSERT INTO HOCPHI(ID_HPHI, ID_HV, TONGTIEN, HANDONG, NGAYDONG, TINHTRANG)
VALUES('15', '18120387', '1500000', TO_DATE('20-02-2020', 'DD-MM-YYYY'), TO_DATE('18-02-2020', 'DD-MM-YYYY'), 'PAYED');
INSERT INTO HOCPHI(ID_HPHI, ID_HV, TONGTIEN, HANDONG, NGAYDONG, TINHTRANG)
VALUES('16', '18120418', '1500000', TO_DATE('20-02-2020', 'DD-MM-YYYY'), TO_DATE('18-02-2020', 'DD-MM-YYYY'), 'PAYED');*/

INSERT INTO HOCPHI(ID_HPHI, ID_HV, TONGTIEN, HANDONG, NGAYDONG, TINHTRANG)
VALUES('1', '18120400', '20000000', TO_DATE('20-10-2018', 'DD-MM-YYYY'), TO_DATE('18-10-2018', 'DD-MM-YYYY'), 'PAYED');
INSERT INTO HOCPHI(ID_HPHI, ID_HV, TONGTIEN, HANDONG, NGAYDONG, TINHTRANG)
VALUES('2', '18120196', '20000000', TO_DATE('20-10-2018', 'DD-MM-YYYY'), TO_DATE('18-10-2018', 'DD-MM-YYYY'), 'PAYED');
INSERT INTO HOCPHI(ID_HPHI, ID_HV, TONGTIEN, HANDONG, NGAYDONG, TINHTRANG)
VALUES('3', '18120387', '20000000', TO_DATE('20-10-2018', 'DD-MM-YYYY'), TO_DATE('18-10-2018', 'DD-MM-YYYY'), 'PAYED');
INSERT INTO HOCPHI(ID_HPHI, ID_HV, TONGTIEN, HANDONG, NGAYDONG, TINHTRANG)
VALUES('4', '18120418', '20000000', TO_DATE('20-10-2018', 'DD-MM-YYYY'), TO_DATE('18-10-2018', 'DD-MM-YYYY'), 'PAYED');

